name,trial,cam,event,outcome,raw_answers,tongue_contact,water_drop_stable,water_spilled,outcome_classification,justification
FJ_L2_2024-07-29_1,0,camB,Reward,,"{
  ""tongue_contact"": true,
  ""water_drop_stable"": true,
  ""water_spilled"": false,
  ""percentage_consumed"": 100,
  ""outcome_classification"": ""Successful"",
  ""justification"": ""The mouse successfully retrieved the entire water drop with its right paw, brought it to its mouth without any visible spillage, and licked the paw to consume the water."",
  ""timeline"": [
    {
      ""time_range"": ""0.8s - 1.2s"",
      ""event_classification"": ""Paw contacts water drop"",
      ""event_description"": ""The mouse lifts its right paw and makes direct contact with the water drop on the spout. The entire drop adheres to the paw.""
    },
    {
      ""time_range"": ""1.2s - 1.8s"",
      ""event_classification"": ""Paw moves to mouth"",
      ""event_description"": ""The mouse brings its right paw, carrying the water drop, directly to its mouth.""
    },
    {
      ""time_range"": ""1.8s - 2.5s"",
      ""event_classification"": ""Tongue licks paw"",
      ""event_description"": ""The mouse extends its tongue and makes contact with its right paw, consuming the water.""
    }
  ]
}",True,True,False,Successful,"The mouse successfully retrieved the entire water drop with its right paw, brought it to its mouth without any visible spillage, and licked the paw to consume the water."
FJ_L2_2024-07-29_1,1,camB,Reward,,"{
  ""tongue_contact"": true,
  ""water_drop_stable"": true,
  ""water_spilled"": false,
  ""percentage_consumed"": 100,
  ""outcome_classification"": ""Successful"",
  ""justification"": ""The mouse successfully used its right paw to retrieve the entire water drop from the spout, brought it to its mouth, and consumed it completely without any visible spillage."",
  ""timeline"": [
    {
      ""time_range"": ""0.8s - 1.4s"",
      ""event_classification"": ""Water drop formation"",
      ""event_description"": ""A water drop forms and stabilizes on the tip of the spout.""
    },
    {
      ""time_range"": ""1.4s - 1.7s"",
      ""event_classification"": ""Paw reaches for spout"",
      ""event_description"": ""The mouse lifts its right paw from the resting surface and moves it directly towards the water drop on the spout.""
    },
    {
      ""time_range"": ""1.7s - 2.1s"",
      ""event_classification"": ""Paw retrieves water drop"",
      ""event_description"": ""The right paw makes contact with the water drop, and the entire drop adheres to the paw. The paw immediately begins moving towards the mouth.""
    },
    {
      ""time_range"": ""2.1s - 4.2s"",
      ""event_classification"": ""Tongue licks paw"",
      ""event_description"": ""The mouse holds its right paw to its mouth and extends its tongue multiple times to lick the water from the paw.""
    }
  ]
}",True,True,False,Successful,"The mouse successfully used its right paw to retrieve the entire water drop from the spout, brought it to its mouth, and consumed it completely without any visible spillage."
FJ_L2_2024-07-29_1,2,camB,Reward,,"{
  ""tongue_contact"": true,
  ""water_drop_stable"": true,
  ""water_spilled"": true,
  ""percentage_consumed"": 60,
  ""outcome_classification"": ""Partial Success"",
  ""justification"": ""The mouse successfully transferred the water drop from the spout to its mouth via its paw. However, a visible amount of water was spilled from its chin during consumption, resulting in only a partial amount being consumed."",
  ""timeline"": [
    {
      ""time_range"": ""0.0s - 0.8s"",
      ""event_classification"": ""Water drop forms"",
      ""event_description"": ""A water drop forms at the tip of the spout and remains stable.""
    },
    {
      ""time_range"": ""0.9s - 1.2s"",
      ""event_classification"": ""Paw contacts water"",
      ""event_description"": ""The mouse lifts its right paw and makes contact with the water drop, which adheres to the paw.""
    },
    {
      ""time_range"": ""1.3s - 1.6s"",
      ""event_classification"": ""Paw moves to mouth"",
      ""event_description"": ""The mouse brings its right paw, holding the water, directly to its open mouth.""
    },
    {
      ""time_range"": ""1.7s - 2.8s"",
      ""event_classification"": ""Tongue licks paw"",
      ""event_description"": ""The mouse extends its tongue and licks the water from its paw.""
    },
    {
      ""time_range"": ""2.9s - 3.4s"",
      ""event_classification"": ""Water spills from chin"",
      ""event_description"": ""While the mouse is consuming the water, a noticeable amount of liquid is seen dripping from its chin.""
    }
  ]
}",True,True,True,Partial Success,"The mouse successfully transferred the water drop from the spout to its mouth via its paw. However, a visible amount of water was spilled from its chin during consumption, resulting in only a partial amount being consumed."
FJ_L2_2024-07-29_1,3,camB,Reward,,"{
  ""tongue_contact"": true,
  ""water_drop_stable"": true,
  ""water_spilled"": false,
  ""percentage_consumed"": 100,
  ""outcome_classification"": ""Successful"",
  ""justification"": ""The mouse's right paw made full contact with the water drop, transferring the entire volume to its mouth without any visible spillage. The tongue was then observed making direct contact with the paw to consume the water."",
  ""timeline"": [
    {
      ""time_range"": ""0.0s - 0.8s"",
      ""event_classification"": ""Water drop forms"",
      ""event_description"": ""A water drop forms and remains stable at the tip of the spout.""
    },
    {
      ""time_range"": ""0.8s - 1.1s"",
      ""event_classification"": ""Paw contacts water"",
      ""event_description"": ""The mouse lifts its right paw, moves it towards the spout, and makes contact with the water drop. The entire drop adheres to the paw.""
    },
    {
      ""time_range"": ""1.1s - 1.5s"",
      ""event_classification"": ""Paw moves to mouth"",
      ""event_description"": ""The mouse retracts its right paw, bringing the water drop towards its mouth.""
    },
    {
      ""time_range"": ""1.5s - 3.5s"",
      ""event_classification"": ""Tongue licks paw"",
      ""event_description"": ""The mouse's tongue repeatedly extends and makes contact with the right paw, consuming the water.""
    },
    {
      ""time_range"": ""3.5s - 4.2s"",
      ""event_classification"": ""Paw returns to rest"",
      ""event_description"": ""The mouse lowers its right paw back to the resting surface.""
    }
  ]
}",True,True,False,Successful,"The mouse's right paw made full contact with the water drop, transferring the entire volume to its mouth without any visible spillage. The tongue was then observed making direct contact with the paw to consume the water."
FJ_L2_2024-07-29_1,4,camB,Reward,,"{
  ""tongue_contact"": true,
  ""water_drop_stable"": true,
  ""water_spilled"": false,
  ""percentage_consumed"": 100,
  ""outcome_classification"": ""Successful"",
  ""justification"": ""The mouse successfully used its right paw to retrieve the entire water drop from the spout, brought it to its mouth, and licked its paw to consume all of the water without any visible spillage."",
  ""timeline"": [
    {
      ""time_range"": ""0.0s - 0.8s"",
      ""event_classification"": ""Water drop formation"",
      ""event_description"": ""A water drop forms and remains stable on the tip of the spout.""
    },
    {
      ""time_range"": ""0.8s - 1.3s"",
      ""event_classification"": ""Paw contacts water drop"",
      ""event_description"": ""The mouse lifts its right paw, makes contact with the water drop, and the entire drop adheres to the paw, detaching cleanly from the spout.""
    },
    {
      ""time_range"": ""1.3s - 2.0s"",
      ""event_classification"": ""Paw brings water to mouth"",
      ""event_description"": ""The mouse retracts its right paw, bringing the water drop towards its mouth.""
    },
    {
      ""time_range"": ""2.0s - 4.5s"",
      ""event_classification"": ""Tongue licks paw"",
      ""event_description"": ""The mouse extends its tongue and repeatedly licks its paw, consuming the water until the paw appears dry.""
    }
  ]
}",True,True,False,Successful,"The mouse successfully used its right paw to retrieve the entire water drop from the spout, brought it to its mouth, and licked its paw to consume all of the water without any visible spillage."
FJ_L2_2024-07-29_1,5,camB,Reward,,"{
  ""tongue_contact"": true,
  ""water_drop_stable"": true,
  ""water_spilled"": false,
  ""percentage_consumed"": 100,
  ""outcome_classification"": ""Successful"",
  ""justification"": ""The mouse successfully used its right paw to retrieve the entire water drop from the spout, brought the paw to its mouth, and licked it clean without any visible spillage."",
  ""timeline"": [
    {
      ""time_range"": ""0.0s - 1.0s"",
      ""event_classification"": ""Water drop formation"",
      ""event_description"": ""A single water drop forms and remains stable at the tip of the spout.""
    },
    {
      ""time_range"": ""1.0s - 1.6s"",
      ""event_classification"": ""Paw contacts water"",
      ""event_description"": ""The mouse lifts its right paw and makes contact with the water drop, collecting the entire drop onto its paw.""
    },
    {
      ""time_range"": ""1.6s - 2.2s"",
      ""event_classification"": ""Paw moves to mouth"",
      ""event_description"": ""The mouse brings its right paw, holding the water, directly to its mouth.""
    },
    {
      ""time_range"": ""2.2s - 2.8s"",
      ""event_classification"": ""Tongue licks paw"",
      ""event_description"": ""The mouse extends its tongue and makes repeated contact with its right paw, consuming the water.""
    },
    {
      ""time_range"": ""2.8s - 3.5s"",
      ""event_classification"": ""Paw returns to rest"",
      ""event_description"": ""After consuming the water, the mouse lowers its right paw back to the resting surface.""
    }
  ]
}",True,True,False,Successful,"The mouse successfully used its right paw to retrieve the entire water drop from the spout, brought the paw to its mouth, and licked it clean without any visible spillage."
FJ_L2_2024-07-29_1,6,camB,Reward,,"{
  ""tongue_contact"": true,
  ""water_drop_stable"": true,
  ""water_spilled"": false,
  ""percentage_consumed"": 100,
  ""outcome_classification"": ""Successful"",
  ""justification"": ""The mouse successfully used its right paw to retrieve the entire water drop from the spout. It then brought the paw to its mouth and licked it, consuming the entire drop with no visible spillage."",
  ""timeline"": [
    {
      ""time_range"": ""0.8s - 1.1s"",
      ""event_classification"": ""Paw reaches for spout"",
      ""event_description"": ""A water drop forms on the spout. The mouse lifts its right paw from the resting surface and moves it directly towards the water drop.""
    },
    {
      ""time_range"": ""1.2s - 1.5s"",
      ""event_classification"": ""Paw contacts water drop"",
      ""event_description"": ""The mouse's right paw makes contact with the water drop, and the entire drop adheres to the paw.""
    },
    {
      ""time_range"": ""1.6s - 2.0s"",
      ""event_classification"": ""Paw brought to mouth"",
      ""event_description"": ""The mouse retracts its right paw, now holding the water, and brings it directly to its mouth. The left paw is also raised to support the right paw.""
    },
    {
      ""time_range"": ""2.1s - 4.5s"",
      ""event_classification"": ""Tongue licks paw"",
      ""event_description"": ""The mouse's tongue repeatedly extends and makes contact with the right paw, consuming the water held there.""
    }
  ]
}",True,True,False,Successful,"The mouse successfully used its right paw to retrieve the entire water drop from the spout. It then brought the paw to its mouth and licked it, consuming the entire drop with no visible spillage."
FJ_L2_2024-07-29_1,7,camB,Reward,,"{
  ""tongue_contact"": true,
  ""water_drop_stable"": true,
  ""water_spilled"": false,
  ""percentage_consumed"": 100,
  ""outcome_classification"": ""Successful"",
  ""justification"": ""The mouse successfully used its right paw to retrieve the entire water drop from the spout. It then brought the paw to its mouth and licked it, consuming the water without any visible spillage."",
  ""timeline"": [
    {
      ""time_range"": ""0.5s - 1.2s"",
      ""event_classification"": ""Paw retrieves water drop"",
      ""event_description"": ""The mouse lifts its right paw from the resting surface, makes contact with the water drop on the spout, and the entire drop adheres to the paw.""
    },
    {
      ""time_range"": ""1.2s - 4.0s"",
      ""event_classification"": ""Tongue consumes water"",
      ""event_description"": ""The mouse brings its right paw to its mouth, extends its tongue, and makes repeated contact with the paw to lick the water.""
    }
  ]
}",True,True,False,Successful,"The mouse successfully used its right paw to retrieve the entire water drop from the spout. It then brought the paw to its mouth and licked it, consuming the water without any visible spillage."
FJ_L2_2024-07-29_1,8,camB,Reward,,"{
  ""tongue_contact"": true,
  ""water_drop_stable"": true,
  ""water_spilled"": false,
  ""percentage_consumed"": 100,
  ""outcome_classification"": ""Successful"",
  ""justification"": ""The mouse successfully used its right paw to grasp the entire water drop from the spout, brought it to its mouth without any visible spillage, and its tongue was observed making direct contact with the water on its paw."",
  ""timeline"": [
    {
      ""time_range"": ""0.0s - 0.1s"",
      ""event_classification"": ""Paw reaches for spout"",
      ""event_description"": ""A water drop is fully formed on the spout. The mouse lifts its right paw and moves it towards the drop.""
    },
    {
      ""time_range"": ""0.1s - 0.2s"",
      ""event_classification"": ""Paw grasps water drop"",
      ""event_description"": ""The mouse's right paw makes contact with the water drop, enclosing it.""
    },
    {
      ""time_range"": ""0.2s - 0.3s"",
      ""event_classification"": ""Paw brings water to mouth"",
      ""event_description"": ""The mouse retracts its paw, holding the entire water drop, and brings it towards its mouth. No spillage is observed.""
    },
    {
      ""time_range"": ""0.3s - 0.4s"",
      ""event_classification"": ""Tongue licks paw"",
      ""event_description"": ""The mouse's tongue extends and makes repeated contact with the water held in its paw, consuming the liquid.""
    }
  ]
}",True,True,False,Successful,"The mouse successfully used its right paw to grasp the entire water drop from the spout, brought it to its mouth without any visible spillage, and its tongue was observed making direct contact with the water on its paw."
FJ_L2_2024-07-29_1,9,camB,Reward,,"{
  ""tongue_contact"": true,
  ""water_drop_stable"": true,
  ""water_spilled"": false,
  ""percentage_consumed"": 100,
  ""outcome_classification"": ""Successful"",
  ""justification"": ""The mouse successfully used its right paw to retrieve the entire water drop from the spout, brought it to its mouth without any visible spillage, and licked its paw to consume the water."",
  ""timeline"": [
    {
      ""time_range"": ""0.0s - 1.0s"",
      ""event_classification"": ""Water drop formation"",
      ""event_description"": ""A single water drop forms and remains stable on the tip of the spout.""
    },
    {
      ""time_range"": ""1.1s - 1.3s"",
      ""event_classification"": ""Paw contacts water"",
      ""event_description"": ""The mouse lifts its right paw and makes contact with the water drop. The entire drop adheres to the paw.""
    },
    {
      ""time_range"": ""1.4s - 1.9s"",
      ""event_classification"": ""Paw moves to mouth"",
      ""event_description"": ""The mouse brings its right paw, holding the water drop, directly to its mouth.""
    },
    {
      ""time_range"": ""2.0s - 4.5s"",
      ""event_classification"": ""Tongue licks paw"",
      ""event_description"": ""The mouse extends its tongue and repeatedly licks the water from its right paw.""
    }
  ]
}",True,True,False,Successful,"The mouse successfully used its right paw to retrieve the entire water drop from the spout, brought it to its mouth without any visible spillage, and licked its paw to consume the water."
FJ_L2_2024-07-29_1,10,camB,Reward,,"{
  ""tongue_contact"": true,
  ""water_drop_stable"": true,
  ""water_spilled"": false,
  ""percentage_consumed"": 100,
  ""outcome_classification"": ""Successful"",
  ""justification"": ""The mouse successfully used its right paw to retrieve the entire water drop from the spout, brought it to its mouth, and licked the paw, consuming the water with no visible spillage."",
  ""timeline"": [
    {
      ""time_range"": ""0.0s - 0.8s"",
      ""event_classification"": ""Water drop formation"",
      ""event_description"": ""A water drop forms and remains stable at the tip of the spout.""
    },
    {
      ""time_range"": ""0.8s - 1.2s"",
      ""event_classification"": ""Paw contacts water drop"",
      ""event_description"": ""The mouse lifts its right paw, makes contact with the water drop, and the entire drop adheres to the paw.""
    },
    {
      ""time_range"": ""1.2s - 1.8s"",
      ""event_classification"": ""Paw brings water to mouth"",
      ""event_description"": ""The mouse retracts its right paw, bringing the water drop directly to its mouth without any visible spillage.""
    },
    {
      ""time_range"": ""1.8s - 4.5s"",
      ""event_classification"": ""Tongue licks paw"",
      ""event_description"": ""The mouse extends its tongue multiple times to lick the water from its paw, consuming the entire drop.""
    }
  ]
}",True,True,False,Successful,"The mouse successfully used its right paw to retrieve the entire water drop from the spout, brought it to its mouth, and licked the paw, consuming the water with no visible spillage."
FJ_L2_2024-07-29_1,11,camB,Reward,,"{
  ""tongue_contact"": true,
  ""water_drop_stable"": true,
  ""water_spilled"": false,
  ""percentage_consumed"": 100,
  ""outcome_classification"": ""Successful"",
  ""justification"": ""The mouse successfully used its right paw to retrieve the entire water drop from the spout, brought the paw to its mouth, and licked it completely without any visible spillage."",
  ""timeline"": [
    {
      ""time_range"": ""0.0s - 1.0s"",
      ""event_classification"": ""Water drop forms"",
      ""event_description"": ""A water drop is dispensed and remains stable at the tip of the spout.""
    },
    {
      ""time_range"": ""1.0s - 2.0s"",
      ""event_classification"": ""Paw retrieves water"",
      ""event_description"": ""The mouse lifts its right paw, makes contact with the water drop, and collects the entire volume of water onto its paw.""
    },
    {
      ""time_range"": ""2.0s - 3.0s"",
      ""event_classification"": ""Tongue licks paw"",
      ""event_description"": ""The mouse brings its right paw to its mouth, and the tongue extends to lick the water from the paw.""
    },
    {
      ""time_range"": ""3.0s - 4.0s"",
      ""event_classification"": ""Paw returns to rest"",
      ""event_description"": ""After licking the paw, the mouse lowers its right paw back to the resting surface.""
    }
  ]
}",True,True,False,Successful,"The mouse successfully used its right paw to retrieve the entire water drop from the spout, brought the paw to its mouth, and licked it completely without any visible spillage."
FJ_L2_2024-07-29_1,12,camB,Reward,,"{
  ""tongue_contact"": true,
  ""water_drop_stable"": true,
  ""water_spilled"": false,
  ""percentage_consumed"": 100,
  ""outcome_classification"": ""Successful"",
  ""justification"": ""The mouse successfully used its right paw to retrieve the entire water drop from the spout, brought it to its mouth without any visible spillage, and consumed it by licking its paw."",
  ""timeline"": [
    {
      ""time_range"": ""0.0s - 1.0s"",
      ""event_classification"": ""Paw retrieves water"",
      ""event_description"": ""The mouse's right paw is in contact with the water drop on the spout and pulls it away, transferring the entire drop onto its paw.""
    },
    {
      ""time_range"": ""1.0s - 2.0s"",
      ""event_classification"": ""Paws brought to mouth"",
      ""event_description"": ""The mouse brings its right paw, holding the water, directly to its mouth. The left paw moves up to join the right paw.""
    },
    {
      ""time_range"": ""2.0s - 4.0s"",
      ""event_classification"": ""Tongue licks paws"",
      ""event_description"": ""The mouse holds both paws cupped together at its mouth and repeatedly extends its tongue to lick the water from them.""
    }
  ]
}",True,True,False,Successful,"The mouse successfully used its right paw to retrieve the entire water drop from the spout, brought it to its mouth without any visible spillage, and consumed it by licking its paw."
FJ_L2_2024-07-29_1,13,camB,No_reward,nd,,,,,,
FJ_L2_2024-07-29_1,14,camB,Reward,,"{
  ""tongue_contact"": true,
  ""water_drop_stable"": true,
  ""water_spilled"": false,
  ""percentage_consumed"": 100,
  ""outcome_classification"": ""Successful"",
  ""justification"": ""The mouse successfully used its right paw to retrieve the entire water drop from the spout, brought it to its mouth without any visible spillage, and its tongue made repeated contact with the paw to consume the water."",
  ""timeline"": [
    {
      ""time_range"": ""0.0s - 1.2s"",
      ""event_classification"": ""Paw contacts water drop"",
      ""event_description"": ""A water drop forms on the spout. The mouse lifts its right paw and makes contact with the drop, which adheres to the paw.""
    },
    {
      ""time_range"": ""1.3s - 4.0s"",
      ""event_classification"": ""Paw brought to mouth"",
      ""event_description"": ""The mouse brings its right paw, holding the water, directly to its mouth.""
    },
    {
      ""time_range"": ""1.8s - 4.0s"",
      ""event_classification"": ""Tongue licks paw"",
      ""event_description"": ""The mouse's tongue extends and makes repeated contact with its paw, consuming the water drop.""
    }
  ]
}",True,True,False,Successful,"The mouse successfully used its right paw to retrieve the entire water drop from the spout, brought it to its mouth without any visible spillage, and its tongue made repeated contact with the paw to consume the water."
FJ_L2_2024-07-29_1,15,camB,Reward,,"{
  ""tongue_contact"": true,
  ""water_drop_stable"": true,
  ""water_spilled"": false,
  ""percentage_consumed"": 100,
  ""outcome_classification"": ""Successful"",
  ""justification"": ""The mouse successfully used its right paw to retrieve the entire water drop from the spout, brought it to its mouth without any visible spillage, and licked its paw, consuming the entire drop."",
  ""timeline"": [
    {
      ""time_range"": ""0.0s - 0.8s"",
      ""event_classification"": ""Water drop formation"",
      ""event_description"": ""A single water drop forms and remains stable at the tip of the spout.""
    },
    {
      ""time_range"": ""0.8s - 1.1s"",
      ""event_classification"": ""Paw reaches for spout"",
      ""event_description"": ""The mouse lifts its right paw from the surface and moves it towards the water drop.""
    },
    {
      ""time_range"": ""1.1s - 1.3s"",
      ""event_classification"": ""Paw collects water"",
      ""event_description"": ""The right paw makes contact with the water drop, and the entire drop adheres to the paw, leaving the spout dry.""
    },
    {
      ""time_range"": ""1.3s - 1.6s"",
      ""event_classification"": ""Paw moves to mouth"",
      ""event_description"": ""The mouse brings its right paw, holding the water, directly to its mouth. No water is visibly spilled during this movement.""
    },
    {
      ""time_range"": ""1.6s - 2.1s"",
      ""event_classification"": ""Tongue licks paw"",
      ""event_description"": ""The mouse's tongue extends and makes contact with the paw, consuming the water. The water is no longer visible on the paw after this action.""
    }
  ]
}",True,True,False,Successful,"The mouse successfully used its right paw to retrieve the entire water drop from the spout, brought it to its mouth without any visible spillage, and licked its paw, consuming the entire drop."
FJ_L2_2024-07-29_1,16,camB,No_reward,nd,,,,,,
FJ_L2_2024-07-29_1,17,camB,Reward,,"{
  ""tongue_contact"": false,
  ""water_drop_stable"": true,
  ""water_spilled"": false,
  ""percentage_consumed"": 0,
  ""outcome_classification"": ""Failed"",
  ""justification"": ""The mouse's paw made contact with the water drop, but the video ends before the paw is brought to the mouth. As no consumption was observed, the trial is classified as failed."",
  ""timeline"": [
    {
      ""time_range"": ""0.0s - 1.0s"",
      ""event_classification"": ""Water drop formation"",
      ""event_description"": ""A water drop is dispensed from the spout and remains stable.""
    },
    {
      ""time_range"": ""1.0s - 4.0s"",
      ""event_classification"": ""Paw reaches for spout"",
      ""event_description"": ""The mouse lifts its right paw from the resting surface and moves it directly towards the water drop.""
    },
    {
      ""time_range"": ""4.0s - 4.0s"",
      ""event_classification"": ""Paw contacts water"",
      ""event_description"": ""The mouse's right paw makes contact with the water drop. The video ends immediately after contact is made.""
    }
  ]
}",False,True,False,Failed,"The mouse's paw made contact with the water drop, but the video ends before the paw is brought to the mouth. As no consumption was observed, the trial is classified as failed."
FJ_L2_2024-07-29_1,18,camB,Reward,,"{
  ""tongue_contact"": true,
  ""water_drop_stable"": true,
  ""water_spilled"": false,
  ""percentage_consumed"": 100,
  ""outcome_classification"": ""Successful"",
  ""justification"": ""The mouse's right paw made contact with the entire water drop, successfully transferred it to its mouth without any visible spillage, and its tongue was observed licking the paw to consume the water."",
  ""timeline"": [
    {
      ""time_range"": ""0.0s - 0.8s"",
      ""event_classification"": ""Paw reaches for spout"",
      ""event_description"": ""The mouse lifts its right paw from the resting surface and moves it directly towards the water drop on the spout.""
    },
    {
      ""time_range"": ""0.8s - 1.2s"",
      ""event_classification"": ""Paw contacts water drop"",
      ""event_description"": ""The mouse's right paw makes contact with the water drop, and the entire volume of the drop adheres to the paw.""
    },
    {
      ""time_range"": ""1.2s - 2.5s"",
      ""event_classification"": ""Paw retracts to mouth"",
      ""event_description"": ""The mouse brings its right paw, holding the water, directly to its mouth. No water is visibly spilled during this movement.""
    },
    {
      ""time_range"": ""2.5s - 4.5s"",
      ""event_classification"": ""Tongue licks paw"",
      ""event_description"": ""The mouse extends its tongue and makes repeated contact with its paw, consuming the water.""
    }
  ]
}",True,True,False,Successful,"The mouse's right paw made contact with the entire water drop, successfully transferred it to its mouth without any visible spillage, and its tongue was observed licking the paw to consume the water."
FJ_L2_2024-07-29_1,19,camB,Reward,,"{
  ""tongue_contact"": true,
  ""water_drop_stable"": true,
  ""water_spilled"": false,
  ""percentage_consumed"": 100,
  ""outcome_classification"": ""Successful"",
  ""justification"": ""The mouse used its right paw to retrieve the entire water drop from the spout and brought it to its mouth. The tongue made direct contact with the paw to consume the water, and no spillage was observed."",
  ""timeline"": [
    {
      ""time_range"": ""0.0s - 1.0s"",
      ""event_classification"": ""Water drop forms"",
      ""event_description"": ""A single water drop forms and remains stable on the tip of the spout.""
    },
    {
      ""time_range"": ""1.5s - 2.1s"",
      ""event_classification"": ""Paw retrieves water"",
      ""event_description"": ""The mouse lifts its right paw, makes contact with the water drop, and collects the entire volume of the drop onto its paw.""
    },
    {
      ""time_range"": ""2.1s - 2.5s"",
      ""event_classification"": ""Paw brought to mouth"",
      ""event_description"": ""The mouse brings its right paw, holding the water, directly to its mouth.""
    },
    {
      ""time_range"": ""2.5s - 4.0s"",
      ""event_classification"": ""Tongue licks paw"",
      ""event_description"": ""The mouse extends its tongue and makes repeated contact with its right paw, consuming the water.""
    }
  ]
}",True,True,False,Successful,"The mouse used its right paw to retrieve the entire water drop from the spout and brought it to its mouth. The tongue made direct contact with the paw to consume the water, and no spillage was observed."
FJ_L2_2024-07-29_1,20,camB,Reward,na,,,,,,
FJ_L2_2024-07-29_1,21,camB,Reward,,"{
  ""tongue_contact"": true,
  ""water_drop_stable"": true,
  ""water_spilled"": false,
  ""percentage_consumed"": 100,
  ""outcome_classification"": ""Successful"",
  ""justification"": ""The mouse successfully used its right paw to retrieve the entire water drop from the spout and brought it to its mouth, where its tongue licked the paw to consume the water. No spillage was observed."",
  ""timeline"": [
    {
      ""time_range"": ""0.0s - 1.0s"",
      ""event_classification"": ""Water drop forms"",
      ""event_description"": ""A water drop forms at the tip of the spout and remains stable.""
    },
    {
      ""time_range"": ""1.0s - 1.5s"",
      ""event_classification"": ""Paw contacts water drop"",
      ""event_description"": ""The mouse lifts its right paw and makes contact with the water drop, transferring the entire drop to its paw.""
    },
    {
      ""time_range"": ""1.5s - 2.0s"",
      ""event_classification"": ""Paw moves to mouth"",
      ""event_description"": ""The mouse retracts its right paw, now holding the water, towards its mouth.""
    },
    {
      ""time_range"": ""2.0s - 2.5s"",
      ""event_classification"": ""Tongue licks paw"",
      ""event_description"": ""The mouse extends its tongue and makes contact with its right paw, consuming the water.""
    },
    {
      ""time_range"": ""2.5s - 3.0s"",
      ""event_classification"": ""Paw returns to rest"",
      ""event_description"": ""After licking the water, the mouse lowers its right paw back to the resting surface.""
    }
  ]
}",True,True,False,Successful,"The mouse successfully used its right paw to retrieve the entire water drop from the spout and brought it to its mouth, where its tongue licked the paw to consume the water. No spillage was observed."
FJ_L2_2024-07-29_1,22,camB,Reward,,"{
  ""tongue_contact"": true,
  ""water_drop_stable"": true,
  ""water_spilled"": true,
  ""percentage_consumed"": 30,
  ""outcome_classification"": ""Failed"",
  ""justification"": ""The mouse successfully collected the water drop with its paw, but spilled the majority of it while retracting the paw towards its mouth, resulting in minimal consumption."",
  ""timeline"": [
    {
      ""time_range"": ""0.0s - 1.0s"",
      ""event_classification"": ""Water drop formation"",
      ""event_description"": ""A single water drop forms at the tip of the spout and remains attached.""
    },
    {
      ""time_range"": ""1.0s - 1.4s"",
      ""event_classification"": ""Paw contacts water drop"",
      ""event_description"": ""The mouse lifts its right paw and makes contact with the water drop. The entire drop adheres to the paw.""
    },
    {
      ""time_range"": ""1.4s - 1.9s"",
      ""event_classification"": ""Water drop spilled"",
      ""event_description"": ""While retracting its paw towards its mouth, the majority of the water drop falls from the paw onto the mouse's chest fur.""
    },
    {
      ""time_range"": ""1.9s - 2.5s"",
      ""event_classification"": ""Paw brought to mouth"",
      ""event_description"": ""The mouse brings its paw with the small remaining amount of water to its mouth area.""
    }
  ]
}",True,True,True,Failed,"The mouse successfully collected the water drop with its paw, but spilled the majority of it while retracting the paw towards its mouth, resulting in minimal consumption."
FJ_L2_2024-07-29_1,23,camB,Reward,,"{
  ""tongue_contact"": true,
  ""water_drop_stable"": true,
  ""water_spilled"": false,
  ""percentage_consumed"": 100,
  ""outcome_classification"": ""Successful"",
  ""justification"": ""The mouse successfully used its right paw to retrieve the entire water drop from the spout. It then brought the paw to its mouth, and its tongue was observed licking the paw, indicating full consumption with no visible spillage."",
  ""timeline"": [
    {
      ""time_range"": ""0.0s - 0.4s"",
      ""event_classification"": ""Water drop presented"",
      ""event_description"": ""A stable water drop is present on the spout. The mouse's right paw is lifted off the surface in anticipation.""
    },
    {
      ""time_range"": ""0.4s - 0.9s"",
      ""event_classification"": ""Paw retrieves water"",
      ""event_description"": ""The mouse's right paw moves forward and makes contact with the water drop, collecting the entire drop from the spout.""
    },
    {
      ""time_range"": ""0.9s - 1.3s"",
      ""event_classification"": ""Paw brought to mouth"",
      ""event_description"": ""The mouse brings its right paw, holding the water, directly to its mouth.""
    },
    {
      ""time_range"": ""1.3s - 1.8s"",
      ""event_classification"": ""Tongue licks paw"",
      ""event_description"": ""The mouse's tongue extends and makes clear, repeated contact with the paw, consuming the water.""
    }
  ]
}",True,True,False,Successful,"The mouse successfully used its right paw to retrieve the entire water drop from the spout. It then brought the paw to its mouth, and its tongue was observed licking the paw, indicating full consumption with no visible spillage."
FJ_L2_2024-07-29_1,24,camB,Reward,,"{
  ""tongue_contact"": true,
  ""water_drop_stable"": true,
  ""water_spilled"": false,
  ""percentage_consumed"": 100,
  ""outcome_classification"": ""Successful"",
  ""justification"": ""The mouse successfully used its right paw to retrieve the entire water drop from the spout. It then brought the paw to its mouth and its tongue was observed making direct contact with the paw, consuming the entire drop without any visible spillage."",
  ""timeline"": [
    {
      ""time_range"": ""0.5s - 1.2s"",
      ""event_classification"": ""Water drop formation"",
      ""event_description"": ""A water drop forms and remains stable on the tip of the spout.""
    },
    {
      ""time_range"": ""1.3s - 2.1s"",
      ""event_classification"": ""Paw contacts water drop"",
      ""event_description"": ""The mouse lifts its right paw, reaches towards the spout, and makes contact with the water drop. The entire drop transfers cleanly to the paw.""
    },
    {
      ""time_range"": ""2.1s - 2.8s"",
      ""event_classification"": ""Paw moves to mouth"",
      ""event_description"": ""The mouse brings its right paw, holding the water, directly to its mouth. The left paw also moves towards the mouth to cup the right paw.""
    },
    {
      ""time_range"": ""2.8s - 4.5s"",
      ""event_classification"": ""Tongue licks paw"",
      ""event_description"": ""The mouse extends its tongue and makes repeated contact with its paw, licking and consuming the water.""
    }
  ]
}",True,True,False,Successful,"The mouse successfully used its right paw to retrieve the entire water drop from the spout. It then brought the paw to its mouth and its tongue was observed making direct contact with the paw, consuming the entire drop without any visible spillage."
FJ_L2_2024-07-29_1,25,camB,Reward,,"{
  ""tongue_contact"": true,
  ""water_drop_stable"": true,
  ""water_spilled"": false,
  ""percentage_consumed"": 100,
  ""outcome_classification"": ""Successful"",
  ""justification"": ""The mouse successfully used its right paw to retrieve the entire water drop from the spout. It then brought the paw to its mouth and licked it clean, consuming the entire drop with no visible spillage."",
  ""timeline"": [
    {
      ""time_range"": ""0.0s - 1.0s"",
      ""event_classification"": ""Water drop formation"",
      ""event_description"": ""A single water drop forms and remains stable on the tip of the spout.""
    },
    {
      ""time_range"": ""1.0s - 2.0s"",
      ""event_classification"": ""Paw reaches for spout"",
      ""event_description"": ""The mouse lifts its right paw and moves it towards the water drop.""
    },
    {
      ""time_range"": ""2.0s - 2.5s"",
      ""event_classification"": ""Water drop retrieval"",
      ""event_description"": ""The right paw makes contact with the water drop, and the entire volume of the drop adheres to the paw. The paw is then brought towards the mouth.""
    },
    {
      ""time_range"": ""2.5s - 4.0s"",
      ""event_classification"": ""Tongue licks paw"",
      ""event_description"": ""The mouse brings the paw containing the water to its mouth and extends its tongue to lick the water from the paw.""
    }
  ]
}",True,True,False,Successful,"The mouse successfully used its right paw to retrieve the entire water drop from the spout. It then brought the paw to its mouth and licked it clean, consuming the entire drop with no visible spillage."
FJ_L2_2024-07-29_1,26,camB,No_reward,nd,,,,,,
FJ_L2_2024-07-29_1,27,camB,No_reward,nd,,,,,,
FJ_L2_2024-07-29_1,28,camB,Reward,,"{
  ""tongue_contact"": true,
  ""water_drop_stable"": true,
  ""water_spilled"": false,
  ""percentage_consumed"": 100,
  ""outcome_classification"": ""Successful"",
  ""justification"": ""The mouse successfully retrieved the entire water drop with its right paw, brought it to its mouth, and licked the paw, consuming the full amount without any visible spillage."",
  ""timeline"": [
    {
      ""time_range"": ""0.0s - 1.5s"",
      ""event_classification"": ""Water drop forms"",
      ""event_description"": ""A water drop forms and remains stable at the tip of the spout. The mouse's paws are at rest.""
    },
    {
      ""time_range"": ""1.5s - 2.1s"",
      ""event_classification"": ""Paw reaches for spout"",
      ""event_description"": ""The mouse lifts its right paw from the resting surface and moves it directly towards the water drop on the spout.""
    },
    {
      ""time_range"": ""2.1s - 2.5s"",
      ""event_classification"": ""Paw contacts water drop"",
      ""event_description"": ""The mouse's right paw makes contact with the water drop, and the entire drop adheres to the paw.""
    },
    {
      ""time_range"": ""2.5s - 3.0s"",
      ""event_classification"": ""Paw moves to mouth"",
      ""event_description"": ""The mouse retracts its right paw, now holding the water, and brings it directly to its mouth.""
    },
    {
      ""time_range"": ""3.0s - 3.8s"",
      ""event_classification"": ""Tongue licks paw"",
      ""event_description"": ""The mouse extends its tongue and makes repeated contact with its right paw, consuming the water drop.""
    },
    {
      ""time_range"": ""3.8s - 4.5s"",
      ""event_classification"": ""Paw returns to rest"",
      ""event_description"": ""After licking the paw, the mouse lowers its right paw back to the resting surface.""
    }
  ]
}",True,True,False,Successful,"The mouse successfully retrieved the entire water drop with its right paw, brought it to its mouth, and licked the paw, consuming the full amount without any visible spillage."
FJ_L2_2024-07-29_1,29,camB,No_reward,nd,,,,,,
FJ_L2_2024-07-29_1,30,camB,No_reward,nd,,,,,,
FJ_L2_2024-07-29_1,31,camB,Reward,,"{
  ""tongue_contact"": true,
  ""water_drop_stable"": true,
  ""water_spilled"": false,
  ""percentage_consumed"": 100,
  ""outcome_classification"": ""Successful"",
  ""justification"": ""The mouse successfully used its right paw to retrieve the entire water drop from the spout, brought it to its mouth, and licked the paw, consuming the water without any visible spillage."",
  ""timeline"": [
    {
      ""time_range"": ""0.0s - 0.8s"",
      ""event_classification"": ""Water drop formation"",
      ""event_description"": ""A water drop forms and remains stable at the tip of the spout. The mouse's right paw is already lifted in anticipation.""
    },
    {
      ""time_range"": ""0.8s - 1.2s"",
      ""event_classification"": ""Paw retrieves water"",
      ""event_description"": ""The mouse's right paw moves forward and makes contact with the water drop. The entire drop adheres to the paw.""
    },
    {
      ""time_range"": ""1.2s - 1.8s"",
      ""event_classification"": ""Paw brought to mouth"",
      ""event_description"": ""The mouse retracts its right paw, bringing the captured water drop directly to its mouth area.""
    },
    {
      ""time_range"": ""1.8s - 3.5s"",
      ""event_classification"": ""Tongue licks paw"",
      ""event_description"": ""The mouse extends its tongue and makes repeated contact with its paw, licking the water from it.""
    }
  ]
}",True,True,False,Successful,"The mouse successfully used its right paw to retrieve the entire water drop from the spout, brought it to its mouth, and licked the paw, consuming the water without any visible spillage."
FJ_L2_2024-07-29_1,32,camB,Reward,,"{
  ""tongue_contact"": true,
  ""water_drop_stable"": true,
  ""water_spilled"": false,
  ""percentage_consumed"": 100,
  ""outcome_classification"": ""Successful"",
  ""justification"": ""The mouse successfully used its right paw to retrieve the entire water drop from the spout, brought it to its mouth without spilling, and licked its paw to consume the water."",
  ""timeline"": [
    {
      ""time_range"": ""0.8s - 1.5s"",
      ""event_classification"": ""Water drop formation"",
      ""event_description"": ""A single water drop is dispensed from the spout and remains stable.""
    },
    {
      ""time_range"": ""1.5s - 2.1s"",
      ""event_classification"": ""Paw reaches for spout"",
      ""event_description"": ""The mouse lifts its right paw from the resting surface and moves it towards the water drop.""
    },
    {
      ""time_range"": ""2.1s - 2.4s"",
      ""event_classification"": ""Paw contacts water drop"",
      ""event_description"": ""The mouse's right paw makes contact with the water drop, and the entire drop adheres to the paw.""
    },
    {
      ""time_range"": ""2.4s - 3.8s"",
      ""event_classification"": ""Paw brought to mouth"",
      ""event_description"": ""The mouse brings its right paw, carrying the water, directly to its mouth.""
    },
    {
      ""time_range"": ""2.6s - 3.8s"",
      ""event_classification"": ""Tongue licks paw"",
      ""event_description"": ""The mouse extends its tongue and makes repeated contact with its right paw, consuming the water.""
    },
    {
      ""time_range"": ""3.8s - 4.5s"",
      ""event_classification"": ""Paw returns to rest"",
      ""event_description"": ""After consuming the water, the mouse lowers its right paw back to the resting position.""
    }
  ]
}",True,True,False,Successful,"The mouse successfully used its right paw to retrieve the entire water drop from the spout, brought it to its mouth without spilling, and licked its paw to consume the water."
FJ_L2_2024-07-29_1,33,camB,Reward,,"{
  ""tongue_contact"": true,
  ""water_drop_stable"": true,
  ""water_spilled"": false,
  ""percentage_consumed"": 100,
  ""outcome_classification"": ""Successful"",
  ""justification"": ""The mouse successfully used its right paw to retrieve the entire water drop from the spout, brought the paw to its mouth, and licked the water off its paw without any visible spillage."",
  ""timeline"": [
    {
      ""time_range"": ""0.0s - 1.0s"",
      ""event_classification"": ""Water drop formation"",
      ""event_description"": ""A single water drop forms and remains stable on the tip of the spout.""
    },
    {
      ""time_range"": ""1.0s - 1.5s"",
      ""event_classification"": ""Paw contacts water"",
      ""event_description"": ""The mouse lifts its right paw, makes contact with the water drop, and the entire drop adheres to the paw.""
    },
    {
      ""time_range"": ""1.5s - 2.5s"",
      ""event_classification"": ""Paw brought to mouth"",
      ""event_description"": ""The mouse brings its right paw, carrying the water drop, directly to its mouth.""
    },
    {
      ""time_range"": ""2.5s - 4.0s"",
      ""event_classification"": ""Tongue licks paw"",
      ""event_description"": ""The mouse extends its tongue and makes repeated contact with its right paw, consuming the water.""
    },
    {
      ""time_range"": ""4.0s - 4.5s"",
      ""event_classification"": ""Paw returns to rest"",
      ""event_description"": ""The mouse lowers its right paw back to the resting surface.""
    }
  ]
}",True,True,False,Successful,"The mouse successfully used its right paw to retrieve the entire water drop from the spout, brought the paw to its mouth, and licked the water off its paw without any visible spillage."
FJ_L2_2024-07-29_1,34,camB,Reward,,"{
  ""tongue_contact"": true,
  ""water_drop_stable"": true,
  ""water_spilled"": false,
  ""percentage_consumed"": 100,
  ""outcome_classification"": ""Successful"",
  ""justification"": ""The mouse successfully used its right paw to retrieve the entire water drop from the spout and brought it to its mouth for consumption. No water was visibly spilled during the process."",
  ""timeline"": [
    {
      ""time_range"": ""0.5s - 1.5s"",
      ""event_classification"": ""Water drop forms"",
      ""event_description"": ""A single water drop is dispensed from the spout and remains stably attached to the tip.""
    },
    {
      ""time_range"": ""1.8s - 2.8s"",
      ""event_classification"": ""Paw reaches for spout"",
      ""event_description"": ""The mouse lifts its right paw from the resting surface and moves it towards the water drop.""
    },
    {
      ""time_range"": ""2.8s - 3.5s"",
      ""event_classification"": ""Paw retrieves water"",
      ""event_description"": ""The right paw makes contact with the water drop, which transfers entirely to the paw. The paw is then retracted towards the mouth.""
    },
    {
      ""time_range"": ""3.5s - 4.5s"",
      ""event_classification"": ""Tongue licks paw"",
      ""event_description"": ""The mouse holds its paw near its mouth and extends its tongue to make contact with the paw, consuming the water.""
    }
  ]
}",True,True,False,Successful,The mouse successfully used its right paw to retrieve the entire water drop from the spout and brought it to its mouth for consumption. No water was visibly spilled during the process.
FJ_L2_2024-07-29_1,35,camB,Reward,,"{
  ""tongue_contact"": true,
  ""water_drop_stable"": true,
  ""water_spilled"": false,
  ""percentage_consumed"": 100,
  ""outcome_classification"": ""Successful"",
  ""justification"": ""The mouse successfully used its right paw to retrieve the entire water drop from the spout, brought it to its mouth, and consumed it completely with its tongue. No spillage was observed during the process."",
  ""timeline"": [
    {
      ""time_range"": ""0.0s - 1.5s"",
      ""event_classification"": ""Water drop formation"",
      ""event_description"": ""A water drop forms and remains stably attached to the tip of the spout.""
    },
    {
      ""time_range"": ""1.6s - 2.2s"",
      ""event_classification"": ""Paw contacts water drop"",
      ""event_description"": ""The mouse lifts its right paw and makes contact with the water drop. The entire drop adheres to the paw.""
    },
    {
      ""time_range"": ""2.3s - 2.9s"",
      ""event_classification"": ""Paw moves to mouth"",
      ""event_description"": ""The mouse brings its right paw, holding the water drop, towards its open mouth.""
    },
    {
      ""time_range"": ""3.0s - 4.5s"",
      ""event_classification"": ""Tongue consumes water"",
      ""event_description"": ""The mouse extends its tongue, makes direct contact with its paw, and licks the entire water drop.""
    }
  ]
}",True,True,False,Successful,"The mouse successfully used its right paw to retrieve the entire water drop from the spout, brought it to its mouth, and consumed it completely with its tongue. No spillage was observed during the process."
FJ_L2_2024-07-29_1,36,camB,Reward,,"{
  ""tongue_contact"": true,
  ""water_drop_stable"": true,
  ""water_spilled"": false,
  ""percentage_consumed"": 100,
  ""outcome_classification"": ""Successful"",
  ""justification"": ""The mouse successfully retrieved the entire water drop with its right paw, brought it to its mouth without any visible spillage, and licked the paw to consume the water."",
  ""timeline"": [
    {
      ""time_range"": ""0.8s - 1.5s"",
      ""event_classification"": ""Water drop forms"",
      ""event_description"": ""A single water drop forms and remains stable on the spout.""
    },
    {
      ""time_range"": ""1.5s - 2.2s"",
      ""event_classification"": ""Paw retrieves water"",
      ""event_description"": ""The mouse lifts its right paw and makes contact with the water drop. The entire drop adheres to the paw.""
    },
    {
      ""time_range"": ""2.2s - 3.8s"",
      ""event_classification"": ""Tongue licks paw"",
      ""event_description"": ""The mouse brings its paw to its mouth and extends its tongue, making repeated contact with the paw to drink the water.""
    },
    {
      ""time_range"": ""3.8s - 4.5s"",
      ""event_classification"": ""Paw returns to rest"",
      ""event_description"": ""After licking the paw, the mouse lowers it back to the starting position.""
    }
  ]
}",True,True,False,Successful,"The mouse successfully retrieved the entire water drop with its right paw, brought it to its mouth without any visible spillage, and licked the paw to consume the water."
FJ_L2_2024-07-29_1,37,camB,Reward,,"{
  ""tongue_contact"": true,
  ""water_drop_stable"": true,
  ""water_spilled"": false,
  ""percentage_consumed"": 100,
  ""outcome_classification"": ""Successful"",
  ""justification"": ""The mouse successfully used its right paw to retrieve the entire water drop from the spout, brought the paw to its mouth, and licked the water off without any visible spillage."",
  ""timeline"": [
    {
      ""time_range"": ""0.9s - 1.5s"",
      ""event_classification"": ""Water drop formation"",
      ""event_description"": ""A single water drop forms and remains stably attached to the tip of the spout.""
    },
    {
      ""time_range"": ""1.9s - 2.2s"",
      ""event_classification"": ""Paw reaches for spout"",
      ""event_description"": ""The mouse lifts its right paw from the resting surface and moves it directly towards the water drop on the spout.""
    },
    {
      ""time_range"": ""2.2s - 2.4s"",
      ""event_classification"": ""Paw contacts water drop"",
      ""event_description"": ""The right paw makes contact with the water drop, and the entire volume of the drop adheres to the paw.""
    },
    {
      ""time_range"": ""2.4s - 2.7s"",
      ""event_classification"": ""Paw retracts to mouth"",
      ""event_description"": ""The mouse brings its right paw, now holding the water, back towards its mouth.""
    },
    {
      ""time_range"": ""2.5s - 2.8s"",
      ""event_classification"": ""Tongue licks paw"",
      ""event_description"": ""The mouse extends its tongue, making direct contact with the paw to consume the water as the paw is brought to the mouth.""
    },
    {
      ""time_range"": ""3.5s - 4.2s"",
      ""event_classification"": ""Paw returns to rest"",
      ""event_description"": ""After consuming the water, the mouse lowers its right paw back to the resting surface.""
    }
  ]
}",True,True,False,Successful,"The mouse successfully used its right paw to retrieve the entire water drop from the spout, brought the paw to its mouth, and licked the water off without any visible spillage."
FJ_L2_2024-07-29_1,38,camB,No_reward,nd,,,,,,
FJ_L2_2024-07-29_1,39,camB,Reward,,"{
  ""tongue_contact"": true,
  ""water_drop_stable"": true,
  ""water_spilled"": false,
  ""percentage_consumed"": 100,
  ""outcome_classification"": ""Successful"",
  ""justification"": ""The mouse successfully used its right paw to retrieve the entire water drop from the spout. The paw was then brought to the mouth, and the tongue was observed making contact with the paw to consume the water. No spillage was visible during the process."",
  ""timeline"": [
    {
      ""time_range"": ""0.0s - 0.8s"",
      ""event_classification"": ""Water drop formation"",
      ""event_description"": ""A single water drop forms and remains stable on the tip of the spout.""
    },
    {
      ""time_range"": ""0.8s - 1.1s"",
      ""event_classification"": ""Paw contacts water"",
      ""event_description"": ""The mouse lifts its right paw, moves it towards the spout, and makes contact with the water drop. The entire drop adheres to the paw.""
    },
    {
      ""time_range"": ""1.1s - 1.4s"",
      ""event_classification"": ""Paw moves to mouth"",
      ""event_description"": ""The mouse brings its right paw, holding the water, directly to its mouth.""
    },
    {
      ""time_range"": ""1.4s - 2.0s"",
      ""event_classification"": ""Tongue licks paw"",
      ""event_description"": ""The mouse's tongue extends and makes clear, repeated contact with the paw, consuming the water.""
    },
    {
      ""time_range"": ""2.0s - 3.0s"",
      ""event_classification"": ""Paw returns to rest"",
      ""event_description"": ""After consuming the water, the mouse lowers its right paw back to the resting surface.""
    }
  ]
}",True,True,False,Successful,"The mouse successfully used its right paw to retrieve the entire water drop from the spout. The paw was then brought to the mouth, and the tongue was observed making contact with the paw to consume the water. No spillage was visible during the process."
FJ_L2_2024-07-29_1,40,camB,Reward,,"{
  ""tongue_contact"": true,
  ""water_drop_stable"": true,
  ""water_spilled"": false,
  ""percentage_consumed"": 100,
  ""outcome_classification"": ""Successful"",
  ""justification"": ""The mouse successfully used its right paw to retrieve the entire water drop from the spout, brought the paw to its mouth, and its tongue made contact with the paw to consume the water. No spillage was observed."",
  ""timeline"": [
    {
      ""time_range"": ""0.0s - 0.8s"",
      ""event_classification"": ""Water drop formation"",
      ""event_description"": ""A water drop forms and remains stable on the tip of the spout.""
    },
    {
      ""time_range"": ""0.8s - 1.1s"",
      ""event_classification"": ""Paw reaches for spout"",
      ""event_description"": ""The mouse lifts its right paw from the surface and moves it directly towards the water drop on the spout.""
    },
    {
      ""time_range"": ""1.1s - 1.3s"",
      ""event_classification"": ""Paw collects water"",
      ""event_description"": ""The mouse's right paw makes contact with the water drop, and the entire drop adheres to the paw.""
    },
    {
      ""time_range"": ""1.3s - 1.7s"",
      ""event_classification"": ""Paw retracts to mouth"",
      ""event_description"": ""The mouse brings its right paw, carrying the water drop, towards its mouth.""
    },
    {
      ""time_range"": ""1.7s - 2.2s"",
      ""event_classification"": ""Tongue licks paw"",
      ""event_description"": ""The mouse's tongue extends and makes direct contact with the paw, consuming the water drop.""
    }
  ]
}",True,True,False,Successful,"The mouse successfully used its right paw to retrieve the entire water drop from the spout, brought the paw to its mouth, and its tongue made contact with the paw to consume the water. No spillage was observed."
FJ_L2_2024-07-29_1,41,camB,Reward,,"{
  ""tongue_contact"": true,
  ""water_drop_stable"": true,
  ""water_spilled"": false,
  ""percentage_consumed"": 100,
  ""outcome_classification"": ""Successful"",
  ""justification"": ""The mouse successfully used its right paw to retrieve the entire water drop from the spout, brought it to its mouth, and licked the paw, consuming the water without any visible spillage."",
  ""timeline"": [
    {
      ""time_range"": ""0.8s - 1.5s"",
      ""event_classification"": ""Water drop formation"",
      ""event_description"": ""A single water drop forms and remains stable on the tip of the spout.""
    },
    {
      ""time_range"": ""1.8s - 2.3s"",
      ""event_classification"": ""Paw retrieves water"",
      ""event_description"": ""The mouse lifts its right paw and makes contact with the water drop. The entire drop adheres to the paw.""
    },
    {
      ""time_range"": ""2.4s - 3.8s"",
      ""event_classification"": ""Tongue licks paw"",
      ""event_description"": ""The mouse brings the paw to its mouth and extends its tongue to lick the water from the paw.""
    },
    {
      ""time_range"": ""3.9s - 4.5s"",
      ""event_classification"": ""Paw returns to rest"",
      ""event_description"": ""After consuming the water, the mouse lowers its right paw back to the resting surface.""
    }
  ]
}",True,True,False,Successful,"The mouse successfully used its right paw to retrieve the entire water drop from the spout, brought it to its mouth, and licked the paw, consuming the water without any visible spillage."
FJ_L2_2024-07-29_1,42,camB,Reward,,"{
  ""tongue_contact"": true,
  ""water_drop_stable"": true,
  ""water_spilled"": false,
  ""percentage_consumed"": 100,
  ""outcome_classification"": ""Successful"",
  ""justification"": ""The mouse successfully used its right paw to retrieve the entire water drop from the spout and brought it to its mouth, where its tongue licked the paw, consuming the water without any visible spillage."",
  ""timeline"": [
    {
      ""time_range"": ""0.0s - 0.1s"",
      ""event_classification"": ""Water drop formation"",
      ""event_description"": ""A single water drop is dispensed from the spout and remains stable.""
    },
    {
      ""time_range"": ""0.3s - 0.4s"",
      ""event_classification"": ""Paw reaches for spout"",
      ""event_description"": ""The mouse lifts its right paw from the resting surface and moves it towards the water drop.""
    },
    {
      ""time_range"": ""0.4s - 0.5s"",
      ""event_classification"": ""Paw retrieves water"",
      ""event_description"": ""The right paw makes contact with the water drop, and the entire drop adheres to the paw. The paw is then brought towards the mouth.""
    },
    {
      ""time_range"": ""0.4s - 0.5s"",
      ""event_classification"": ""Tongue licks paw"",
      ""event_description"": ""The mouse extends its tongue, making direct contact with its paw to consume the water.""
    }
  ]
}",True,True,False,Successful,"The mouse successfully used its right paw to retrieve the entire water drop from the spout and brought it to its mouth, where its tongue licked the paw, consuming the water without any visible spillage."
FJ_L2_2024-07-29_1,43,camB,Reward,,"{
  ""tongue_contact"": true,
  ""water_drop_stable"": true,
  ""water_spilled"": false,
  ""percentage_consumed"": 100,
  ""outcome_classification"": ""Successful"",
  ""justification"": ""The mouse successfully used its right paw to retrieve the entire water drop from the spout, brought it to its mouth without any visible spillage, and its tongue made contact with the paw to consume the water."",
  ""timeline"": [
    {
      ""time_range"": ""0.9s - 1.8s"",
      ""event_classification"": ""Water drop formation"",
      ""event_description"": ""A water drop is dispensed and remains fully attached to the tip of the spout.""
    },
    {
      ""time_range"": ""1.9s - 2.3s"",
      ""event_classification"": ""Paw contacts water"",
      ""event_description"": ""The mouse lifts its right paw from the resting surface and makes contact with the water drop. The entire drop adheres to the paw.""
    },
    {
      ""time_range"": ""2.4s - 3.3s"",
      ""event_classification"": ""Paw brings water to mouth"",
      ""event_description"": ""The mouse brings its right paw, holding the water, directly to its mouth. No water is visibly dropped or splashed during this movement.""
    },
    {
      ""time_range"": ""3.4s - 4.6s"",
      ""event_classification"": ""Tongue licks paw"",
      ""event_description"": ""The mouse extends its tongue and makes clear, repeated contact with its paw, consuming the water.""
    }
  ]
}",True,True,False,Successful,"The mouse successfully used its right paw to retrieve the entire water drop from the spout, brought it to its mouth without any visible spillage, and its tongue made contact with the paw to consume the water."
FJ_L2_2024-07-29_1,44,camB,Reward,,"{
  ""tongue_contact"": true,
  ""water_drop_stable"": true,
  ""water_spilled"": false,
  ""percentage_consumed"": 100,
  ""outcome_classification"": ""Successful"",
  ""justification"": ""The mouse successfully retrieved the entire water drop with its right paw, brought it to its mouth, and licked the paw until the water was gone. No spillage was observed."",
  ""timeline"": [
    {
      ""time_range"": ""0.0s - 0.8s"",
      ""event_classification"": ""Water drop formation"",
      ""event_description"": ""A single water drop forms and remains stable on the tip of the spout.""
    },
    {
      ""time_range"": ""0.8s - 1.2s"",
      ""event_classification"": ""Paw retrieves water"",
      ""event_description"": ""The mouse lifts its right paw, makes contact with the water drop, and the entire drop adheres to the paw.""
    },
    {
      ""time_range"": ""1.2s - 1.6s"",
      ""event_classification"": ""Paw moves to mouth"",
      ""event_description"": ""The mouse brings its right paw, holding the water, directly to its mouth.""
    },
    {
      ""time_range"": ""1.6s - 4.5s"",
      ""event_classification"": ""Tongue licks paw"",
      ""event_description"": ""The mouse extends its tongue and repeatedly licks the water from its paw. The water is visibly consumed until none remains on the paw.""
    }
  ]
}",True,True,False,Successful,"The mouse successfully retrieved the entire water drop with its right paw, brought it to its mouth, and licked the paw until the water was gone. No spillage was observed."
FJ_L2_2024-07-29_1,45,camB,No_reward,nd,,,,,,
FJ_L2_2024-07-29_1,46,camB,Reward,,"{
  ""tongue_contact"": true,
  ""water_drop_stable"": true,
  ""water_spilled"": false,
  ""percentage_consumed"": 100,
  ""outcome_classification"": ""Successful"",
  ""justification"": ""The mouse successfully used its right paw to retrieve the entire water drop from the spout, brought the paw to its mouth, and licked the water from its paw without any visible spillage."",
  ""timeline"": [
    {
      ""time_range"": ""0.0s - 1.0s"",
      ""event_classification"": ""Paw reaches for spout"",
      ""event_description"": ""The mouse lifts its right paw from the resting surface and moves it directly towards the water drop on the spout.""
    },
    {
      ""time_range"": ""1.0s - 2.0s"",
      ""event_classification"": ""Paw retrieves water"",
      ""event_description"": ""The right paw makes contact with the water drop, and the entire drop adheres to the paw. The mouse then begins to bring the paw towards its mouth.""
    },
    {
      ""time_range"": ""2.0s - 3.0s"",
      ""event_classification"": ""Tongue licks paw"",
      ""event_description"": ""The mouse holds its paw to its mouth and extends its tongue to lick the water from the paw.""
    },
    {
      ""time_range"": ""3.0s - 4.0s"",
      ""event_classification"": ""Paw returns to rest"",
      ""event_description"": ""After consuming the water, the mouse lowers its right paw back to the resting surface.""
    }
  ]
}",True,True,False,Successful,"The mouse successfully used its right paw to retrieve the entire water drop from the spout, brought the paw to its mouth, and licked the water from its paw without any visible spillage."
FJ_L2_2024-07-29_1,47,camB,Reward,,"{
  ""tongue_contact"": true,
  ""water_drop_stable"": true,
  ""water_spilled"": false,
  ""percentage_consumed"": 100,
  ""outcome_classification"": ""Successful"",
  ""justification"": ""The mouse successfully used its right paw to retrieve the entire water drop from the spout, brought it to its mouth, and licked the paw clean without any observable spillage."",
  ""timeline"": [
    {
      ""time_range"": ""0.5s - 1.0s"",
      ""event_classification"": ""Paw reaches for spout"",
      ""event_description"": ""The mouse lifts its right paw from the resting surface and moves it directly towards the water drop on the spout.""
    },
    {
      ""time_range"": ""1.0s - 1.2s"",
      ""event_classification"": ""Paw contacts water drop"",
      ""event_description"": ""The mouse's right paw makes contact with the water drop, and the entire volume of water adheres to the paw.""
    },
    {
      ""time_range"": ""1.2s - 1.5s"",
      ""event_classification"": ""Paw moves to mouth"",
      ""event_description"": ""The mouse retracts its right paw, now holding the water, and brings it to its mouth.""
    },
    {
      ""time_range"": ""1.5s - 2.8s"",
      ""event_classification"": ""Tongue licks paw"",
      ""event_description"": ""The mouse extends its tongue and makes repeated contact with its right paw, consuming the water.""
    },
    {
      ""time_range"": ""2.8s - 3.2s"",
      ""event_classification"": ""Paw returns to rest"",
      ""event_description"": ""After licking the paw, the mouse lowers its right paw back to the resting surface.""
    }
  ]
}",True,True,False,Successful,"The mouse successfully used its right paw to retrieve the entire water drop from the spout, brought it to its mouth, and licked the paw clean without any observable spillage."
FJ_L2_2024-07-29_1,48,camB,No_reward,nd,,,,,,
FJ_L2_2024-07-29_1,49,camB,Reward,na,,,,,,
FJ_L2_2024-07-29_1,50,camB,Reward,,"{
  ""tongue_contact"": true,
  ""water_drop_stable"": true,
  ""water_spilled"": false,
  ""percentage_consumed"": 100,
  ""outcome_classification"": ""Successful"",
  ""justification"": ""The mouse successfully used its right paw to retrieve the entire water drop from the spout, brought it to its mouth, and consumed it completely with its tongue. No water was visibly spilled during the process."",
  ""timeline"": [
    {
      ""time_range"": ""0.0s - 1.0s"",
      ""event_classification"": ""Water drop forms"",
      ""event_description"": ""A single water drop forms and remains stable at the tip of the spout.""
    },
    {
      ""time_range"": ""1.1s - 2.0s"",
      ""event_classification"": ""Paw contacts water drop"",
      ""event_description"": ""The mouse lifts its right paw from the surface and makes contact with the water drop. The entire drop adheres to the paw.""
    },
    {
      ""time_range"": ""2.1s - 2.8s"",
      ""event_classification"": ""Tongue licks paw"",
      ""event_description"": ""The mouse brings its right paw directly to its mouth. The tongue extends and makes contact with the paw, consuming the water.""
    },
    {
      ""time_range"": ""2.9s - 3.5s"",
      ""event_classification"": ""Paw returns to rest"",
      ""event_description"": ""After consuming the water, the mouse lowers its right paw back to the resting surface.""
    }
  ]
}",True,True,False,Successful,"The mouse successfully used its right paw to retrieve the entire water drop from the spout, brought it to its mouth, and consumed it completely with its tongue. No water was visibly spilled during the process."
FJ_L2_2024-07-29_1,51,camB,Reward,,"{
  ""tongue_contact"": false,
  ""water_drop_stable"": false,
  ""water_spilled"": false,
  ""percentage_consumed"": 0,
  ""outcome_classification"": ""Failed"",
  ""justification"": ""The trial is classified as Failed because the water drop did not remain stable on the spout. It fell immediately after forming, preventing any interaction from the mouse. The mouse did not move its paw to reach, resulting in 0% consumption."",
  ""timeline"": [
    {
      ""time_range"": ""0.9s - 1.2s"",
      ""event_classification"": ""Water drop falls"",
      ""event_description"": ""A water drop forms at the tip of the spout but immediately detaches and falls before the mouse can interact with it.""
    },
    {
      ""time_range"": ""0.0s - 4.0s"",
      ""event_classification"": ""No paw or tongue movement"",
      ""event_description"": ""No change was observed. The mouse's right paw and tongue remain stationary throughout the entire trial. No reaching or licking attempts are made.""
    }
  ]
}",False,False,False,Failed,"The trial is classified as Failed because the water drop did not remain stable on the spout. It fell immediately after forming, preventing any interaction from the mouse. The mouse did not move its paw to reach, resulting in 0% consumption."
FJ_L2_2024-07-29_1,52,camB,Reward,na,,,,,,
FJ_L2_2024-07-29_1,53,camB,Reward,na,,,,,,
FJ_L2_2024-07-29_1,54,camB,Reward,na,,,,,,
FJ_L2_2024-07-29_1,55,camB,Reward,na,,,,,,
FJ_L2_2024-07-29_1,56,camB,No_reward,nd,,,,,,
FJ_L2_2024-07-29_1,57,camB,Reward,na,,,,,,
FJ_L2_2024-07-29_1,58,camB,Reward,na,,,,,,
FJ_L2_2024-07-29_1,59,camB,Reward,na,,,,,,
FJ_L2_2024-07-29_1,60,camB,Reward,na,,,,,,
FJ_L2_2024-07-29_1,61,camB,Reward,na,,,,,,
FJ_L2_2024-07-29_1,62,camB,No_reward,nd,,,,,,
FJ_L2_2024-07-29_1,63,camB,Reward,na,,,,,,
FJ_L2_2024-07-29_1,64,camB,Reward,na,,,,,,
FJ_L2_2024-07-29_1,65,camB,No_reward,nd,,,,,,
FJ_L2_2024-07-29_1,66,camB,No_reward,nd,,,,,,
FJ_L2_2024-07-29_1,67,camB,Reward,na,,,,,,
FJ_L2_2024-07-29_1,68,camB,Reward,na,,,,,,
FJ_L2_2024-07-29_1,69,camB,Reward,na,,,,,,
FJ_L2_2024-07-29_1,70,camB,Reward,na,,,,,,
FJ_L2_2024-07-29_1,71,camB,Reward,na,,,,,,
FJ_L2_2024-07-29_1,72,camB,Reward,na,,,,,,
FJ_L2_2024-07-29_1,73,camB,Reward,na,,,,,,
FJ_L2_2024-07-29_1,74,camB,Reward,na,,,,,,
FJ_L2_2024-07-29_1,75,camB,Reward,na,,,,,,
FJ_L2_2024-07-29_1,76,camB,Reward,na,,,,,,
FJ_L2_2024-07-29_1,77,camB,Reward,na,,,,,,
FJ_L2_2024-07-29_1,78,camB,Reward,,"{
  ""tongue_contact"": true,
  ""water_drop_stable"": true,
  ""water_spilled"": false,
  ""percentage_consumed"": 100,
  ""outcome_classification"": ""Successful"",
  ""justification"": ""The mouse successfully used its right paw to retrieve the entire water drop from the spout. It then brought the paw to its mouth and its tongue made contact, consuming all the visible water without any spillage."",
  ""timeline"": [
    {
      ""time_range"": ""0.9s - 1.8s"",
      ""event_classification"": ""Water drop formation"",
      ""event_description"": ""A water drop is dispensed from the spout and remains stably attached.""
    },
    {
      ""time_range"": ""1.9s - 2.2s"",
      ""event_classification"": ""Paw retrieves water"",
      ""event_description"": ""The mouse lifts its right paw, makes contact with the water drop, and the entire drop adheres to the paw.""
    },
    {
      ""time_range"": ""2.3s - 2.7s"",
      ""event_classification"": ""Tongue licks paw"",
      ""event_description"": ""The mouse brings its right paw directly to its mouth, and the tongue extends to lick the water from the paw.""
    },
    {
      ""time_range"": ""2.8s - 3.5s"",
      ""event_classification"": ""Paw returns to rest"",
      ""event_description"": ""After consuming the water, the mouse lowers its right paw back to the resting surface.""
    }
  ]
}",True,True,False,Successful,"The mouse successfully used its right paw to retrieve the entire water drop from the spout. It then brought the paw to its mouth and its tongue made contact, consuming all the visible water without any spillage."
FJ_L2_2024-07-29_1,79,camB,Reward,na,,,,,,
FJ_L2_2024-07-29_1,80,camB,Reward,,"{
  ""tongue_contact"": true,
  ""water_drop_stable"": true,
  ""water_spilled"": false,
  ""percentage_consumed"": 100,
  ""outcome_classification"": ""Successful"",
  ""justification"": ""The mouse successfully used its right paw to retrieve the entire water drop from the spout and brought it to its mouth for consumption. No spillage was observed."",
  ""timeline"": [
    {
      ""time_range"": ""0.8s - 1.2s"",
      ""event_classification"": ""Water drop formation"",
      ""event_description"": ""A single water drop forms and remains stable at the tip of the spout.""
    },
    {
      ""time_range"": ""1.9s - 2.3s"",
      ""event_classification"": ""Paw contacts water drop"",
      ""event_description"": ""The mouse lifts its right paw and makes contact with the water drop. The entire drop adheres to the paw.""
    },
    {
      ""time_range"": ""2.3s - 2.8s"",
      ""event_classification"": ""Paw moves to mouth"",
      ""event_description"": ""The mouse retracts its right paw, carrying the water drop, directly to its mouth.""
    },
    {
      ""time_range"": ""2.8s - 3.4s"",
      ""event_classification"": ""Water consumption from paw"",
      ""event_description"": ""The mouse's mouth makes contact with the paw, and the water is consumed. The paw appears dry afterward.""
    }
  ]
}",True,True,False,Successful,The mouse successfully used its right paw to retrieve the entire water drop from the spout and brought it to its mouth for consumption. No spillage was observed.
FJ_L2_2024-07-29_1,81,camB,Reward,,"{
  ""tongue_contact"": false,
  ""water_drop_stable"": true,
  ""water_spilled"": false,
  ""percentage_consumed"": 0,
  ""outcome_classification"": ""Failed"",
  ""justification"": ""The mouse made no observable attempt to reach for the water drop with its right paw. Therefore, no contact was made with the water, and none was consumed."",
  ""timeline"": [
    {
      ""time_range"": ""0.0s - 0.5s"",
      ""event_classification"": ""Water drop formation"",
      ""event_description"": ""A water drop is dispensed from the spout and remains fully attached to the tip.""
    },
    {
      ""time_range"": ""0.5s - 4.0s"",
      ""event_classification"": ""No interaction observed"",
      ""event_description"": ""The mouse remains stationary with both paws on the platform. No change was observed in the position of its right paw or tongue.""
    }
  ]
}",False,True,False,Failed,"The mouse made no observable attempt to reach for the water drop with its right paw. Therefore, no contact was made with the water, and none was consumed."
FJ_L2_2024-07-29_1,82,camB,Reward,na,,,,,,
FJ_L2_2024-07-29_1,83,camB,No_reward,nd,,,,,,
FJ_L2_2024-07-29_1,84,camB,Reward,na,,,,,,
FJ_L2_2024-07-29_1,85,camB,Reward,na,,,,,,
FJ_L2_2024-07-29_1,86,camB,Reward,na,,,,,,
FJ_L2_2024-07-29_1,87,camB,Reward,na,,,,,,
FJ_L2_2024-07-29_1,88,camB,Reward,na,,,,,,
FJ_L2_2024-07-29_1,89,camB,Reward,na,,,,,,
FJ_L2_2024-07-29_1,90,camB,Reward,na,,,,,,
FJ_L2_2024-07-29_1,91,camB,No_reward,nd,,,,,,
FJ_L2_2024-07-29_1,92,camB,Reward,na,,,,,,
FJ_L2_2024-07-29_1,93,camB,Reward,na,,,,,,
FJ_L2_2024-07-29_1,94,camB,Reward,na,,,,,,
FJ_L2_2024-07-29_1,95,camB,Reward,na,,,,,,
FJ_L2_2024-07-29_1,96,camB,Reward,na,,,,,,
FJ_L2_2024-07-29_1,97,camB,Reward,na,,,,,,
FJ_L2_2024-07-29_1,98,camB,Reward,na,,,,,,
FJ_L2_2024-07-29_1,99,camB,Reward,,"{
  ""tongue_contact"": true,
  ""water_drop_stable"": true,
  ""water_spilled"": false,
  ""percentage_consumed"": 100,
  ""outcome_classification"": ""Successful"",
  ""justification"": ""The mouse successfully used its right paw to retrieve the entire water drop from the spout, brought the paw to its mouth, and licked the water off without any visible spillage."",
  ""timeline"": [
    {
      ""time_range"": ""0.8s - 1.8s"",
      ""event_classification"": ""Water drop formation"",
      ""event_description"": ""A water drop forms and remains stable on the tip of the spout. The mouse's paws are at rest.""
    },
    {
      ""time_range"": ""1.8s - 2.0s"",
      ""event_classification"": ""Paw reaches for spout"",
      ""event_description"": ""The mouse's right paw lifts from the surface and moves directly towards the water drop.""
    },
    {
      ""time_range"": ""2.0s - 2.2s"",
      ""event_classification"": ""Paw contacts water drop"",
      ""event_description"": ""The right paw makes contact with the water drop, and the entire drop adheres to the paw.""
    },
    {
      ""time_range"": ""2.2s - 3.0s"",
      ""event_classification"": ""Tongue licks paw"",
      ""event_description"": ""The mouse retracts its right paw to its mouth, and the tongue extends to make repeated contact with the paw, consuming the water.""
    },
    {
      ""time_range"": ""3.0s - 3.5s"",
      ""event_classification"": ""Paw returns to rest"",
      ""event_description"": ""After licking the paw, the mouse lowers its right paw back to the resting position.""
    }
  ]
}",True,True,False,Successful,"The mouse successfully used its right paw to retrieve the entire water drop from the spout, brought the paw to its mouth, and licked the water off without any visible spillage."
FJ_L2_2024-07-29_1,100,camB,Reward,na,,,,,,
FJ_L2_2024-07-29_1,101,camB,No_reward,nd,,,,,,
FJ_L2_2024-07-29_1,102,camB,Reward,na,,,,,,
FJ_L2_2024-07-29_1,103,camB,Reward,na,,,,,,
FJ_L2_2024-07-29_1,104,camB,Reward,na,,,,,,
FJ_L2_2024-07-29_1,105,camB,Reward,na,,,,,,
FJ_L2_2024-07-29_1,106,camB,Reward,na,,,,,,
FJ_L2_2024-07-29_1,107,camB,Reward,na,,,,,,
FJ_L2_2024-07-29_1,108,camB,Reward,na,,,,,,
FJ_L2_2024-07-29_1,109,camB,Reward,na,,,,,,
FJ_L2_2024-07-29_1,110,camB,Reward,na,,,,,,
FJ_L2_2024-07-29_1,111,camB,Reward,na,,,,,,
FJ_L2_2024-07-29_1,112,camB,Reward,na,,,,,,
FJ_L2_2024-07-29_1,113,camB,Reward,,"{
  ""tongue_contact"": false,
  ""water_drop_stable"": true,
  ""water_spilled"": true,
  ""percentage_consumed"": 0,
  ""outcome_classification"": ""Failed"",
  ""justification"": ""The mouse's right paw made contact with the water drop, but this action caused the entire drop to detach from the spout and fall. The mouse did not retrieve any water to its mouth for consumption."",
  ""timeline"": [
    {
      ""time_range"": ""0.8s - 1.0s"",
      ""event_classification"": ""Water drop forms"",
      ""event_description"": ""A water drop forms at the tip of the metal spout and remains attached.""
    },
    {
      ""time_range"": ""1.1s - 1.4s"",
      ""event_classification"": ""Paw dislodges water drop"",
      ""event_description"": ""The mouse's right paw lifts and moves towards the spout, making contact with the water drop. Upon contact, the entire drop detaches from the spout and falls out of view.""
    }
  ]
}",False,True,True,Failed,"The mouse's right paw made contact with the water drop, but this action caused the entire drop to detach from the spout and fall. The mouse did not retrieve any water to its mouth for consumption."
FJ_L2_2024-07-29_1,114,camB,No_reward,nd,,,,,,
FJ_L2_2024-07-29_1,115,camB,No_reward,nd,,,,,,
FJ_L2_2024-07-29_1,116,camB,Reward,na,,,,,,
FJ_L2_2024-07-29_1,117,camB,Reward,na,,,,,,
FJ_L2_2024-07-29_1,118,camB,Reward,na,,,,,,
FJ_L2_2024-07-29_1,119,camB,Reward,na,,,,,,
